s,mu,x_ref,clipped
0.00011781784922085701,0.73950356425180341,6.996537688211693,0
1.7777898498924672e-07,0.48615283249707048,6.1573242786629638,0
2.3012509889162026e-12,0.32827173151597433,5.3305156276239227,0
2.5315203160903287e-06,0.31140406851468505,2.3204122093258879,0
1.3220037539504165e-07,0.86115646504818788,17.824904701991205,0
2.7140322224602345e-05,0.92980134832162797,12.489514754376266,0
6.1580648948584172e-08,0.71857868527935409,13.494695641778479,0
2.0854359614220527e-05,0.80335262707895883,9.945327279449943,0
0.00093992378063795711,0.6751012441111417,4.4373041112262879,0
1.4288719222800193e-09,0.94519997241356002,28.514316191816814,0
3.4609311534987081e-11,0.86293895234385709,29.159316823557848,0
3.3502189829111754e-09,0.30188956511740217,3.3152584692178833,0
5.9903184273069072e-06,0.8916089508454228,13.655589856305918,0
8.9755358667672493e-09,0.3231740469607704,3.5554567209439303,0
1.9743356379271703e-07,0.80346225803666138,15.224484715250975,0
1.4003166326471296e-11,0.42120237821576573,7.8740619430776366,0
3.4285587712856468e-06,0.89559345642142163,14.54196870641657,0
3.3169705590254976e-10,0.67360824197187319,16.334750245040041,0
5.1946709585879897e-11,0.50680120447079546,10.494297680302129,0
5.8418444279067781e-05,0.59165418262638425,5.2044066152881587,0
1.2014768025009964e-07,0.31954057309036943,2.9940993683793917,0
2.2934563618288394e-08,0.38575546078469908,4.6318018886878605,0
0.00012286095513079401,0.76273084613860487,7.3363209299134855,0
5.9444533683092298e-12,0.74656076298623253,23.995345750798453,0
1.8424259973668052e-06,0.72461572692206511,10.513762205982223,0
8.9503621451567069e-10,0.56473751244069958,11.160371548599743,0
3.7904236215307038e-11,0.98807485569455555,37.557618462997432,0
1.1835533791228441e-06,0.97677638375559872,18.781284238708185,0
1.842457835143843e-09,0.77302396929167927,19.263816964575284,0
9.3124186610578602e-10,0.74881690062479322,18.855921913396521,0
0.00031124321093863847,0.77502824409394866,6.6220543729679866,0
6.218491801893191e-11,0.56835578254558161,12.896927675561898,0
4.0697049138090494e-08,0.3932165884654637,4.6311490976663725,0
1.6448216207578282e-12,0.79782695473391629,28.761065446300197,0
2.9533357342841658e-11,0.66249448250825083,17.811095266075963,0
8.9282964665686731e-05,0.51406689413567941,3.9032858444931926,0
1.2683173524270911e-05,0.6352263975939344,6.9377430164137674,0
1.0268793262905254e-07,0.91374660570081012,20.262472000445722,0
1.0048021691048737e-10,0.94449002600981224,32.850205538756086,0
1.0464735204330477e-07,0.54687868572925846,7.8999853847984598,0
1.2862302967067244e-12,0.69435558320353497,22.298733892634925,0
2.6118166038079656e-06,0.52208987984240007,5.6867863500713929,0
2.8232941292908812e-06,0.71006702083779072,9.7585004335571472,0
6.522366701048575e-07,0.53315874559992193,6.6054331022389734,0
3.1772263705421095e-07,0.57021711036443123,7.8704461309532201,0
4.6073148709957157e-12,0.91428930288330668,35.695508927838262,0
1.6506451549086133e-10,0.45673873953803196,8.1930589852619011,0
1.4770746097631483e-07,0.72999912983336923,13.050803642171845,0
3.5292375737399137e-09,0.35797058707184554,4.4944527453554679,0
0.00084763534392838708,0.87452446188084443,6.8982566928791771,0
0.00020592459303893002,0.84309783216719147,8.1085481846278125,0
2.3338402348423763e-11,0.46516491566513696,9.2685404035417385,0
2.0400712420674918e-07,0.90477411925938556,18.889500969068095,0
1.8447433562539909e-06,0.34041194401558411,2.7700325332493976,0
1.6939115477576744e-11,0.53192077177650565,12.081847213427366,0
6.506700605820858e-10,0.40369283215743895,6.1031679622903727,0
2.774984887637167e-06,0.61073416298800798,7.469286465272325,0
0.000128816899177912,0.84946374649823297,8.7687903970178489,0
1.1903751494279257e-09,0.4591431242056857,7.4972398733757499,0
1.4141432510872469e-10,0.33589469773444264,4.6851620651584529,0
2.4895911103876384e-05,0.57914076947685444,5.5092787604087148,0
1.8401114259261509e-07,0.43697400071138615,5.0737093865132881,0
1.9466855059577487e-08,0.36261960147719408,4.1845649616227654,0
2.0199945274002428e-10,0.70042934633092691,18.02784865408762,0
4.5073900103067171e-12,0.50610033164505652,11.643220436364874,0
1.4488478747377383e-12,0.7636764657898879,26.598648167445024,0
1.6585616723967387e-07,0.43766565633806714,5.1242776846214824,0
5.2479835026693472e-11,0.95005804624948342,34.308596491070723,0
0.00060227773135282695,0.55192601608893166,3.4265041726275367,0
9.2745971655477547e-12,0.37279174290345835,6.3844214016582725,0
1.1716532322203178e-08,0.73408462456239931,15.660550690859573,0
3.564003924914638e-09,0.93973664161682846,26.724099655182666,0
1.2325464000521029e-10,0.60386023675389089,13.984236157597792,0
5.4802645658142493e-06,0.95866744064660858,15.69564559323007,0
6.2135937988618876e-07,0.64492811144447637,9.334534682101145,0
3.4026647769558692e-06,0.59340775114586208,6.9700719882999289,0
5.5625916951732216e-12,0.72794728189061064,22.937903120682098,0
1.4951705741072524e-09,0.98661658861237356,30.833126773512639,0
4.7697725402888498e-08,0.95477113570705796,23.234730019820717,0
6.9261244946199572e-09,0.61743114612327621,11.737574893808429,0
2.3203743544491862e-12,0.82283290326272107,30.067657821217402,0
5.5750285286583371e-11,0.64322165988645708,16.35519105815704,0
0.00032005295014849214,0.66522539053577157,5.1062481150541137,0
2.9048754937996917e-11,0.84219213349252708,28.074727339336288,0
4.6609129532232393e-05,0.5861125360554128,5.2539869489983682,0
2.5074624126360993e-05,0.80679366453422319,9.8159492963252788,0
3.3238683465852925e-09,0.79068858581292734,19.41853026593726,0
1.5887357879648053e-08,0.94312118376323095,24.480941600577214,0
2.6062511794075326e-05,0.37930351696382458,2.6608083555042219,0
1.3371401520618747e-06,0.80302043078265339,13.015766146379169,0
3.4079532448149783e-05,0.93992251075094624,12.391298293793282,0
6.5821726933876796e-06,0.96786907104800601,15.671643482722359,0
1.6651114797279755e-06,0.31014735042610481,2.3776979096195352,0
0.00016472782114813865,0.89591166226944718,9.2858289223100883,0
2.5425189461602516e-05,0.97702457764577744,13.737418804816546,0
4.0885017525216404e-11,0.96047502393156481,35.45603923729535,0
5.4202394866321488e-06,0.40264716844042353,3.3946730113198242,0
6.0274262897175898e-12,0.97111388153783884,39.578784256664854,0
6.8030891579162426e-09,0.91405553344715917,24.382536124756189,0
3.7219195743609535e-09,0.86743794100471849,22.938793061878492,0
6.5995275438746288e-11,165951768.80255294,1.0145606359171325e+17,0
0.00027615059145379866,70560131.168196917,8347253.2048934447,0
7.1283678902260576e-12,504453184.60996485,1.3040065380671066e+18,0
1.1068652038662217e-12,767883330.16720462,4.2294176059256494e+18,0
8.0591127726207444e-10,79285799.23738718,11147937890614020,0
0.00082547222349763257,203423729.11584029,934264.55255900859,0
2.4113272579587132e-10,145924845.93505821,50206532837550248,0
2.9939765169379076e-05,787999558.15236247,710144175.76992667,0
3.6142878116691336e-11,36371906.566308483,8645737720959842,0
1.8941099835760198e-07,396286514.31554198,17283120839754.826,0
0.00042236120146006982,263973220.21716541,3568652.5134908943,0
2.8094357925981729e-06,34877716.856152862,79040688666.048676,0
0.00066768524135017444,379166237.67023396,1428015.8891527455,0
1.4825516817363673e-07,33418549.380975634,20420275289233.117,0
0.000707965931112249,433437520.74025679,1270142.541966653,0
3.4152561768840255e-05,185839524.20519742,545628091.1848526,0
1.0097969042015464e-05,782809939.22514558,6241689843.009387,0
9.9176546699820167e-05,39730473.880874872,64690690.746828102,0
4.8241816829506888e-07,578063994.26300371,2715984114748.8677,0
1.6116877960859238e-09,39813926.754947603,2804943589630593,0
5.682532922062735e-08,103863981.85270993,146117747805383.66,0
1.0927065871613121e-10,139780985.45499954,64172050632937336,0
9.9516963212947629e-06,889391800.29880118,6426696162.6713028,0
3.3939583976494093e-11,220469117.32033977,2.022040149667329e+17,0
1.5659631600492374e-07,77320898.089384943,22233252899330.762,0
6.6541159791031822e-08,72864094.32456623,100695322092978.39,0
1.1146158931280221e-06,679481256.14704418,511074292066.45459,0
6.988426276382564e-06,68992859.086820707,12981441603.296677,0
9.7375785626166755e-12,48621914.886862166,19028503967289936,0
4.2118088713607013e-07,85604409.433712274,3399237983100.5591,0
5.3162199660691556e-09,239433325.34226874,8083682197021194,0
3.3714204828237149e-07,214356053.79199091,5449658171152.7217,0
1.7614117468212864e-06,518282045.19421893,204742379797.31927,0
1.8591578806300864e-07,219136099.91695267,17552699119851.092,0
3.9443431596317104e-06,85631158.901294887,40678537675.208466,0
4.7888067851878727e-08,131626857.82760631,209290445564472.84,0
1.4649077687091859e-08,533557779.46309137,2351061056376149,0
3.8099544986716066e-10,275270513.89079547,1.019959019855892e+17,0
1.1544231573304362e-10,868193368.08348131,1.0423017129511247e+18,0
1.8101682985242393e-06,113267839.47208081,192407816729.57471,0
1.8255854902330908e-06,213263860.12962785,190041948892.79678,0
5.7456956386326622e-11,245972356.82675731,2.042692887384457e+17,0
0.00055787480686906861,592156924.85674429,2045520.9194535103,0
1.0973799539818498e-06,52264922.082690977,510779645817.14819,0
6.0387230025400782e-08,128755415.63032985,138200370494592.59,0
3.7203017277084436e-05,732720668.92695689,459930206.31553739,0
2.3915744206518529e-08,36694445.796745814,299080147835592.69,0
1.9208959058616636e-08,542075052.16309404,1443284670665019.8,0
2.1109094333517312e-10,132762693.8760621,45805264991277880,0
2.5422563016246397e-11,555528031.41721141,1.0421958044869111e+18,0
2.5385470079247608e-06,32728932.559918229,96462140796.38678,0
3.9536544947791701e-05,111575601.46218482,407085691.99091595,0
1.259473409295026e-06,41490154.853625387,386486915211.13873,0
2.086381149760783e-09,301246399.21077365,29127204900782220,0
1.5187938187842257e-07,81427977.487934887,23708034047270.867,0
1.1768260223040059e-07,358078384.9058041,43876581612355.719,0
0.00026859303788479152,823573076.10982668,8824430.3268188592,0
3.0836700845530382e-09,49003336.777703278,2565977832626983,0
3.041192204546571e-11,626855503.47314739,1.1895031946207626e+18,0
7.8054157420083352e-05,38832578.370854296,104424301.05762346,0
0.00011286426871371843,117802840.51103787,49969138.166663706,0
2.7188819717298014e-12,139527910.90618971,1.6326789789168966e+17,0
6.0815779488320041e-11,171109578.01427987,1.0969900856869589e+17,0
5.3278609571944455e-07,921920522.85356057,2233618249137.978,0
1.2577849697854756e-05,460825796.23439825,4022698555.8354974,0
2.8855762888059823e-07,91893764.706261262,7106022144566.2012,0
5.3003282352702406e-11,80307328.375207037,31583263776384692,0
1.1449174572179701e-11,623275859.50918937,1.6395760931608573e+18,0
3.578934140537765e-08,663683100.27670383,458147375985991.19,0
2.18571564017905e-05,184526930.81968856,1331918016.1973009,0
8.9867907506016672e-11,103858870.80053388,41868425460041080,0
4.7445415452215505e-12,982598331.26290643,4.6111180953085179e+18,0
9.1076212586715624e-08,94170595.78309226,61987990202784.484,0
5.3254257417280506e-11,59438599.557448164,18717647002324312,0
4.0440217654863661e-12,660917394.28739095,2.4159328871554964e+18,0
9.1071267790538428e-06,523001695.95037276,7672467033.9547358,0
2.4605911333024526e-05,317566080.12231064,1051211418.8644688,0
3.846094580327911e-09,866204524.08072436,26358714908794084,0
4.4328929282865352e-10,773698697.65313923,3.4251315613580224e+17,0
3.1195216563189616e-10,419153169.93604553,2.0634918636231875e+17,0
1.7731392053048938e-09,618090565.10990703,65047857198913824,0
1.5565704733698879e-07,74254043.904700249,22347339506468.82,0
5.6283449032685138e-08,51507424.587520987,115991326914342.25,0
1.5781294722852241e-09,319957853.05491388,41017412352037288,0
5.4549253681695347e-07,373188115.6485002,2118618676004.4912,0
1.2075551585576148e-06,56309204.658238657,424075572153.07446,0
1.0580605739808006e-07,123975511.74888772,49253283080702.945,0
3.059526614752053e-09,733472185.51750255,34662587630022280,0
4.1221618291727637e-07,219837183.49213815,3665477665692.8486,0
2.1238559081071599e-07,233079389.7728059,13563351892323.486,0
1.1558852356152528e-09,61829346.934435531,6391698505750511,0
5.3556120985461409e-10,194550957.66239694,51147514217295592,0
8.160934856455833e-08,192820005.57968086,84698163368151.859,0
3.2439611992995702e-07,42993565.230427019,5282287618135.916,0
3.141853642026061e-07,939537328.66386235,6405807186168.6895,0
2.7896009359557589e-09,227558677.27183825,16447805341456398,0
1.2358483012419345e-07,32330567.211616237,27365857863918.941,0
0.00074460631778072836,456009407.03944784,1148217.0915714891,0
7.1157498349647561e-09,927680805.47801518,9588266071233012,0
3.8648481158594989e-05,242552101.9046067,426110871.83793348,0
5.8218224038849506e-15,41.58011891051212,79672.797052537659,0
2.5129427984720078e-14,14.331016797628001,9328.5565950207201,0
2.8403046474952058e-14,714.23843783651489,19259598.68350241,0
8.1187882158298318e-15,15.236172977558189,11009.443843914685,0
5.1248496938265951e-15,332.58880279037163,4687726.8734189123,0
1.2201317566310885e-14,405.35647749768958,6635891.1488372246,0
7.0172961620049765e-15,7387.2164777535445,1965114564.8694263,0
3.0012695596660282e-14,5.6614598190690337,1507.6058553298492,0
2.619140210191578e-14,177.78899820474604,1280285.6130772189,0
2.9412497870742379e-14,1271.5726479463949,59205438.230241083,0
1.524388719031187e-14,13.191482074817795,8096.80781175829,0
1.2945782121140306e-14,72.14953912213322,226579.14100707596,0
2.3236690823239464e-14,5.2496970834738734,1314.2152732566183,0
1.6667834230832536e-14,1097.9511633600334,45741927.870880529,0
7.9222061820657282e-15,6.414866218913807,2027.6660120287572,0
2.8017464518094537e-14,76.352098733026097,244682.91963456522,0
1.126573574480602e-14,3608.5207663460028,474775237.75433981,0
2.0837469763498179e-14,142.24964086882545,836728.9966082609,0
1.2611024388983297e-14,4945.1192364315684,872232609.44912934,0
7.0256254744187947e-15,1516.0373888192819,89524709.749451667,0
8.6445318270814968e-15,5053.9839732687424,927900851.36834347,0
1.4438717358002052e-14,8.8289799724309592,3699.4375210290059,0
6.5223134660961564e-15,5.7209765636934087,1633.002104004858,0
5.1403215499365728e-15,5.5736781572700256,1565.7845284082882,0
1.1145844493026353e-14,3475.2818339842452,441444497.21406418,0
2.0405993194986335e-14,523.89581318840135,10689613.531231487,0
1.5535520879730908e-14,172.98200566677858,1242742.0953219123,0
9.1057788952445836e-15,11.814135746967381,6661.1287171851618,0
1.8784202067630602e-14,721.21878854069712,20028546.043119606,0
1.2235217851378144e-14,41.026158870223611,75256.726038736961,0
3.1593743055145564e-14,972.9253548301416,35005773.915655583,0
2.0932703500225196e-14,129.19438860467889,693076.63922556094,0
2.3147556510324093e-14,188.86196845642954,1448911.3634061348,0
8.0842386375183628e-15,1835.8198593294869,129193000.8382818,0
6.634924270311519e-15,6.6774272379144008,2208.0919724821601,0
7.2350764966422426e-15,335.47082879581944,4694851.3770133657,0
1.1112505053495663e-14,15.499665136736127,11243.155514471797,0
1.2874171663687397e-14,2130.4857383741751,168811900.60709149,0
7.1727794651151278e-15,162.54032599600947,1138573.4681632302,0
2.1084136382979127e-14,9129.2198688729477,2799102330.9469876,0
2.4816751018563301e-14,13.813433343992452,8685.5288823516003,0
8.9702384674245394e-15,7422.7868626957516,1958539312.9790981,0
1.2777660870038654e-14,2010.0628088858994,150760784.99940234,0
1.4979581562416744e-14,152.90149720045227,977987.25069270504,0
1.8962803255648153e-14,2225.2008882466107,180197212.51485887,0
6.5762446815013148e-15,407.35323380817869,6891574.9463013625,0
8.4080802694860673e-15,620.75999930408159,15522910.989608878,0
1.9255943220975616e-14,4987.8992137619589,867510493.45522058,0
1.427426816561834e-14,5.3511417745650878,1390.5943156152248,0
2.6300053670262019e-14,2645.2012170785251,248158076.58708933,0
1.1436330289099765e-14,68.604362000245445,206405.63979814464,0
1.0599619514037924e-14,43.59228721760023,85256.199814416032,0
8.8146642362662318e-15,9530.0175241295656,3189327715.7287755,0
7.6753476930547424e-15,1714.6155468561642,113354952.59853174,0
1.6619313023629458e-14,158.26066480280696,1041252.6643849779,0
8.1611019176986518e-15,95.323369951315442,398564.73827808857,0
2.4536940880230155e-14,3726.9294399074533,485592267.73621321,0
8.2512304453200106e-15,6.3657862637364477,1994.322099973276,0
1.7325576919739873e-14,953.81829698598358,34693576.213599674,0
1.4274053280970272e-14,1828.2735781484416,124625695.04934141,0
1.5950233246698265e-14,1982.3819239726524,145120032.41156486,0
2.6081551381211516e-14,42.462302176406247,77936.917884237366,0
6.8547364409368186e-15,1941.9459569249461,145324938.94748086,0
6.6046899766792999e-15,19.437909087373185,17882.401568143123,0
6.2736715361326731e-15,58.624321140327993,155628.33262139495,0
5.7696732232685678e-15,91.425720740186875,372742.05856826308,0
1.3408642718338092e-14,248.27611599242277,2535170.5226578377,0
6.8011902187841598e-15,7.8369635958101469,3017.5319376045768,0
2.216839974221306e-14,84.007353302105344,298023.19648011995,0
5.2250256219501963e-15,3.1699500239496992,519.46665557975109,0
9.9927627719422116e-15,1274.4785843478955,62728314.558021829,0
1.1982934270637682e-14,3030.8587208318372,336857169.24641687,0
7.4683152256765791e-15,9.688596670807593,4553.3904786855264,0
9.6543930446322209e-15,918.86179054599893,33175316.961916599,0
7.5549770328861014e-15,2365.161545877239,212504196.64361134,0
8.4229163002989332e-15,8637.7201627898467,2639899106.6577091,0
2.7637378642933049e-14,2839.6640824002748,284187107.9338299,0
1.08078744997609e-14,96.46565090279968,403060.27302828472,0
1.0202155835922623e-14,8490.0545327429463,2527154629.3062935,0
1.5450394110842648e-14,8108.5914101784147,2260319792.4416938,0
1.7033876155825292e-14,183.17636107248441,1384144.5265681676,0
1.6913022862792463e-14,1371.0802816998198,70502373.568747401,0
5.8587797764877776e-15,4993.8079552259605,924488189.72484624,0
1.4639359072058988e-14,146.72859260717337,903212.27340025932,0
1.9441907830810279e-14,3336.1982010191823,396184983.29822636,0
2.1699748125678511e-14,902.58888531627417,30809558.015764862,0
1.4819290159947675e-14,33.785853604356959,51054.649823223401,0
6.3746808499977584e-15,1537.3860815448661,92430352.720178619,0
5.8477966091503683e-15,314.33790221622064,4173420.0867403224,0
9.0874692536035185e-15,6.736867984570404,2219.7388372183045,0
2.7672414073132705e-14,74.102266586249982,230914.33580549821,0
1.1969996490272964e-14,5.7291942435643683,1599.9410560639315,0
2.6084296351802581e-14,146.75211574929554,880231.15575184231,0
1.1687993532776144e-14,99.974359052338301,430770.70308911934,0
2.0141624040229604e-14,96.179175644040029,389931.77645322488,0
1.224903119150208e-14,356.4931896053227,5162123.5143532008,0
1.849106005715107e-14,8.499968389403163,3400.9366392777592,0
8.9896632051348396e-15,5863.9625069838185,1237184400.9100664,0
2.5816193698294528e-14,783.74822138095453,23193557.915684976,0
8.1764814347414237e-15,2416.766845236009,220785507.45141071,0
